geoid_co,tech_employment_all_estimate,share_tech,name,name_co
01005,100,0.0116808784020558,Black,"Barbour County, AL"
01011,6,0.00157150340492404,Black,"Bullock County, AL"
01013,151,0.0199550680586758,Black,"Butler County, AL"
01017,198,0.0127923504328725,Black,"Chambers County, AL"
01019,100,0.0102103328568511,White,"Cherokee County, AL"
01023,28,0.00613631382862152,Black,"Choctaw County, AL"
01025,51,0.00642236494144314,Black,"Clarke County, AL"
01029,125,0.0216712898751734,White,"Cleburne County, AL"
01035,0,0,Black,"Conecuh County, AL"
01037,60,0.0145348837209302,Black,"Coosa County, AL"
01043,476,0.0123434380105282,White,"Cullman County, AL"
01047,166,0.0111988126560076,Black,"Dallas County, AL"
01053,100,0.00771485881808363,Black,"Escambia County, AL"
01059,74,0.00567441147151292,Hispanic or Latino,"Franklin County, AL"
01087,69,0.0093167701863354,Black,"Macon County, AL"
01091,24,0.00326663944467129,Black,"Marengo County, AL"
01093,122,0.0104051172707889,White,"Marion County, AL"
01099,37,0.00568880688806888,Black,"Monroe County, AL"
01105,0,0,Black,"Perry County, AL"
01119,40,0.00914076782449726,Black,"Sumter County, AL"
01121,276,0.00853722663862167,Black,"Talladega County, AL"
01131,21,0.00671785028790787,Black,"Wilcox County, AL"
01133,53,0.00555963495227106,White,"Winston County, AL"
02013,2,9.03750564844103e-4,Native American and Alaska Native,"Aleutians East Borough, AK"
02050,31,0.0048032228075612,Native American and Alaska Native,"Bethel Census Area, AK"
02060,3,0.00677200902934537,Native American and Alaska Native,"Bristol Bay Borough, AK"
02066,4,0.0036697247706422,Native American and Alaska Native,"Copper River Census Area, AK"
02070,15,0.00804289544235925,Native American and Alaska Native,"Dillingham Census Area, AK"
02158,0,0,Native American and Alaska Native,"Kusilvak Census Area, AK"
02164,9,0.0205949656750572,Native American and Alaska Native,"Lake and Peninsula Borough, AK"
02180,100,0.0274499039253363,Native American and Alaska Native,"Nome Census Area, AK"
02185,114,0.0197676434888157,Native American and Alaska Native,"North Slope Borough, AK"
02188,40,0.0151975683890578,Native American and Alaska Native,"Northwest Arctic Borough, AK"
02198,15,0.00562218890554723,Native American and Alaska Native,"Prince of Wales-Hyder Census Area, AK"
02275,15,0.0193298969072165,Native American and Alaska Native,"Wrangell City and Borough, AK"
02282,0,0,Native American and Alaska Native,"Yakutat City and Borough, AK"
02290,15,0.00650195058517555,Native American and Alaska Native,"Yukon-Koyukuk Census Area, AK"
04001,364,0.0203488372093023,Native American and Alaska Native,"Apache County, AZ"
04007,285,0.0151418552757412,Hispanic or Latino,"Gila County, AZ"
04009,173,0.0128605411834671,Hispanic or Latino,"Graham County, AZ"
04011,11,0.00264232524621667,Hispanic or Latino,"Greenlee County, AZ"
04012,15,0.00285388127853881,Hispanic or Latino,"La Paz County, AZ"
04017,498,0.0146738169603394,Native American and Alaska Native,"Navajo County, AZ"
04023,221,0.0119201725997842,Hispanic or Latino,"Santa Cruz County, AZ"
05005,177,0.011700932108151,White,"Baxter County, AR"
05009,437,0.0268708110434729,White,"Boone County, AR"
05017,24,0.00788177339901478,Black,"Chicot County, AR"
05021,6,9.48017064307158e-4,White,"Clay County, AR"
05023,60,0.00631911532385466,White,"Cleburne County, AR"
05027,93,0.0103678929765886,Black,"Columbia County, AR"
05039,0,0,Black,"Dallas County, AR"
05041,51,0.011943793911007,Black,"Desha County, AR"
05049,41,0.0100465572163685,White,"Fulton County, AR"
05055,159,0.00803720365970783,White,"Greene County, AR"
05057,22,0.00272614622057001,Black,"Hempstead County, AR"
05073,19,0.00842945874001775,Black,"Lafayette County, AR"
05075,77,0.011741384568466,White,"Lawrence County, AR"
05077,4,0.00156433320297223,Black,"Lee County, AR"
05089,87,0.0151885474860335,White,"Marion County, AR"
05093,130,0.00745284641403428,Black,"Mississippi County, AR"
05095,6,0.00237717908082409,Black,"Monroe County, AR"
05097,68,0.0218018595703751,White,"Montgomery County, AR"
05099,4,0.00127469725940089,Black,"Nevada County, AR"
05101,63,0.0236220472440945,White,"Newton County, AR"
05103,19,0.00224347620734443,Black,"Ouachita County, AR"
05107,0,0,Black,"Phillips County, AR"
05121,46,0.00660824594167505,White,"Randolph County, AR"
05123,33,0.00411471321695761,Black,"St. Francis County, AR"
05133,11,0.00165239597416254,Hispanic or Latino,"Sevier County, AR"
05135,17,0.00284661754855995,White,"Sharp County, AR"
05137,0,0,White,"Stone County, AR"
05139,160,0.0102748522989982,Black,"Union County, AR"
05141,32,0.00577825929938606,White,"Van Buren County, AR"
05149,79,0.00866228070175439,Hispanic or Latino,"Yell County, AR"
06011,21,0.00220171943803732,Hispanic or Latino,"Colusa County, CA"
06015,138,0.0149269875608437,Hispanic or Latino,"Del Norte County, CA"
06021,219,0.0179921130463359,Hispanic or Latino,"Glenn County, CA"
06027,60,0.00718046912398277,Hispanic or Latino,"Inyo County, CA"
06033,258,0.0101140773844525,Hispanic or Latino,"Lake County, CA"
06035,86,0.00995485588609793,Hispanic or Latino,"Lassen County, CA"
06045,326,0.00836497998563071,Hispanic or Latino,"Mendocino County, CA"
06051,67,0.00944060870790475,Hispanic or Latino,"Mono County, CA"
06103,240,0.00922402859448864,Hispanic or Latino,"Tehama County, CA"
08003,121,0.016157030311123,Hispanic or Latino,"Alamosa County, CO"
08007,152,0.0255161994292429,Hispanic or Latino,"Archuleta County, CO"
08011,0,0,Hispanic or Latino,"Bent County, CO"
08021,30,0.00967741935483871,Hispanic or Latino,"Conejos County, CO"
08023,17,0.0131578947368421,Hispanic or Latino,"Costilla County, CO"
08025,12,0.00700116686114352,Hispanic or Latino,"Crowley County, CO"
08037,531,0.0163339382940109,Hispanic or Latino,"Eagle County, CO"
08045,437,0.013175349734684,Hispanic or Latino,"Garfield County, CO"
08055,13,0.00546448087431694,Hispanic or Latino,"Huerfano County, CO"
08061,3,0.00432900432900433,White,"Kiowa County, CO"
08063,39,0.0113174695298897,Hispanic or Latino,"Kit Carson County, CO"
08071,48,0.00819812126387703,Hispanic or Latino,"Las Animas County, CO"
08073,0,0,Hispanic or Latino,"Lincoln County, CO"
08079,6,0.0141843971631206,White,"Mineral County, CO"
08085,231,0.0125618576322802,Hispanic or Latino,"Montrose County, CO"
08087,113,0.0084290616142026,Hispanic or Latino,"Morgan County, CO"
08089,70,0.00973574408901252,Hispanic or Latino,"Otero County, CO"
08091,57,0.0257452574525745,White,"Ouray County, CO"
08095,7,0.0035035035035035,Hispanic or Latino,"Phillips County, CO"
08099,55,0.0107379929714955,Hispanic or Latino,"Prowers County, CO"
08105,116,0.0227317264354301,Hispanic or Latino,"Rio Grande County, CO"
08109,47,0.0177760968229955,Hispanic or Latino,"Saguache County, CO"
08115,4,0.00380952380952381,Hispanic or Latino,"Sedgwick County, CO"
08125,19,0.0039974752787713,Hispanic or Latino,"Yuma County, CO"
12027,240,0.0198478332782005,Hispanic or Latino,"DeSoto County, FL"
12043,7,0.00211416490486258,Hispanic or Latino,"Glades County, FL"
12047,5,0.00131440588853838,Black,"Hamilton County, FL"
12049,47,0.00519451812555261,Hispanic or Latino,"Hardee County, FL"
12051,40,0.00228206298493838,Hispanic or Latino,"Hendry County, FL"
12079,40,0.00658327847267939,Black,"Madison County, FL"
12087,585,0.0136103485179843,Hispanic or Latino,"Monroe County, FL"
12093,254,0.0170389749781982,Hispanic or Latino,"Okeechobee County, FL"
13003,0,0,Hispanic or Latino,"Atkinson County, GA"
13007,7,0.00791855203619909,Black,"Baker County, GA"
13009,274,0.0157011059538135,Black,"Baldwin County, GA"
13017,47,0.00647561311656104,Black,"Ben Hill County, GA"
13037,0,0,Black,"Calhoun County, GA"
13061,0,0,Black,"Clay County, GA"
13071,68,0.00355816022186175,Hispanic or Latino,"Colquitt County, GA"
13081,94,0.0113526570048309,Black,"Crisp County, GA"
13087,159,0.013899816417519,Black,"Decatur County, GA"
13093,38,0.0095357590966123,Black,"Dooly County, GA"
13099,38,0.00934119960668633,Black,"Early County, GA"
13107,66,0.00766461502729067,Black,"Emanuel County, GA"
13111,89,0.008930363234999,White,"Fannin County, GA"
13133,35,0.00481033534909291,Black,"Greene County, GA"
13141,0,0,Black,"Hancock County, GA"
13163,32,0.00513149454778704,Black,"Jefferson County, GA"
13167,14,0.00422195416164053,Black,"Johnson County, GA"
13175,214,0.0112200492843286,Black,"Laurens County, GA"
13187,208,0.0134881006419817,White,"Lumpkin County, GA"
13193,21,0.00522258144740114,Black,"Macon County, GA"
13205,202,0.0246191346739793,Black,"Mitchell County, GA"
13235,54,0.014496644295302,Black,"Pulaski County, GA"
13239,0,0,Black,"Quitman County, GA"
13243,3,0.00128644939965695,Black,"Randolph County, GA"
13251,57,0.0100158144438587,Black,"Screven County, GA"
13253,21,0.0066793893129771,Black,"Seminole County, GA"
13265,0,0,Black,"Taliaferro County, GA"
13269,45,0.015,Black,"Taylor County, GA"
13271,8,0.00218043063505042,Black,"Telfair County, GA"
13275,383,0.018043908414209,Black,"Thomas County, GA"
13281,66,0.0141600514910963,White,"Towns County, GA"
13285,325,0.0106177921526348,Black,"Troup County, GA"
13287,46,0.0130200962354939,Black,"Turner County, GA"
13291,198,0.0216819973718791,White,"Union County, GA"
13299,78,0.00609851446442533,Black,"Ware County, GA"
13301,43,0.0223144784639336,Black,"Warren County, GA"
13303,86,0.0116531165311653,Black,"Washington County, GA"
13307,0,0,Black,"Webster County, GA"
13309,0,0,Black,"Wheeler County, GA"
13311,219,0.0178092217614052,White,"White County, GA"
13315,24,0.00885282183696053,Black,"Wilcox County, GA"
13317,46,0.0111704711024769,Black,"Wilkes County, GA"
13319,65,0.021234890558641,Black,"Wilkinson County, GA"
16003,41,0.0254027261462206,White,"Adams County, ID"
16007,21,0.00791855203619909,White,"Bear Lake County, ID"
16011,143,0.00682186814235283,Hispanic or Latino,"Bingham County, ID"
16013,69,0.00534179763102888,Hispanic or Latino,"Blaine County, ID"
16017,292,0.0151909270627406,White,"Bonner County, ID"
16029,2,6.09942055504727e-4,White,"Caribou County, ID"
16031,88,0.00780626275170762,Hispanic or Latino,"Cassia County, ID"
16047,45,0.006426735218509,Hispanic or Latino,"Gooding County, ID"
16049,67,0.0103538865708546,White,"Idaho County, ID"
16059,12,0.00376411543287327,White,"Lemhi County, ID"
16063,29,0.0117408906882591,Hispanic or Latino,"Lincoln County, ID"
16067,109,0.0112813082177603,Hispanic or Latino,"Minidoka County, ID"
16071,3,0.00140977443609023,White,"Oneida County, ID"
16079,38,0.00699944741204642,White,"Shoshone County, ID"
16085,64,0.0130638905899163,White,"Valley County, ID"
17001,459,0.0139048773099061,White,"Adams County, IL"
17017,44,0.00749191214030308,Hispanic or Latino,"Cass County, IL"
17021,218,0.0150148081823817,White,"Christian County, IL"
17023,65,0.00891510080921684,White,"Clark County, IL"
17025,47,0.00796205319329155,White,"Clay County, IL"
17029,562,0.024003758595652,White,"Coles County, IL"
17033,69,0.00862607825978247,White,"Crawford County, IL"
17035,50,0.00910746812386157,White,"Cumberland County, IL"
17039,153,0.0199530516431925,White,"De Witt County, IL"
17045,142,0.0182051282051282,White,"Edgar County, IL"
17047,24,0.00879765395894428,White,"Edwards County, IL"
17049,350,0.0198390205192155,White,"Effingham County, IL"
17051,76,0.00889304937982682,White,"Fayette County, IL"
17053,99,0.0154615024207403,White,"Ford County, IL"
17055,145,0.00902302426882389,White,"Franklin County, IL"
17059,2,9.59232613908873e-4,White,"Gallatin County, IL"
17061,72,0.0128136679124399,White,"Greene County, IL"
17065,20,0.00598981731057203,White,"Hamilton County, IL"
17067,56,0.00687200883543993,White,"Hancock County, IL"
17071,78,0.0257001647446458,White,"Henderson County, IL"
17079,91,0.0202492211838006,White,"Jasper County, IL"
17085,133,0.0123939986953686,White,"Jo Daviess County, IL"
17121,141,0.0086391765210465,White,"Marion County, IL"
17125,37,0.00613293552129952,White,"Mason County, IL"
17135,124,0.010953096016253,White,"Montgomery County, IL"
17139,43,0.0063347083087802,White,"Moultrie County, IL"
17149,54,0.00817314968972302,White,"Pike County, IL"
17155,17,0.00639819345126082,White,"Putnam County, IL"
17159,67,0.00889183808891838,White,"Richland County, IL"
17165,72,0.0071992800719928,White,"Saline County, IL"
17169,6,0.00201884253028264,White,"Schuyler County, IL"
17171,18,0.0076530612244898,White,"Scott County, IL"
17173,110,0.0109105336242809,White,"Shelby County, IL"
17181,64,0.00930232558139535,White,"Union County, IL"
17185,35,0.00677113561617334,White,"Wabash County, IL"
17189,84,0.0122645641699518,White,"Washington County, IL"
17191,141,0.0201083856246435,White,"Wayne County, IL"
17193,61,0.009910641754671,White,"White County, IL"
18001,140,0.00911221036188493,White,"Adams County, IN"
18009,88,0.018051282051282,White,"Blackford County, IN"
18025,37,0.00869769628584861,White,"Crawford County, IN"
18031,256,0.0192278804266186,White,"Decatur County, IN"
18033,398,0.0188894162316089,White,"DeKalb County, IN"
18041,63,0.00598688586904875,White,"Fayette County, IN"
18045,108,0.0141937179655671,White,"Fountain County, IN"
18049,122,0.013343541507164,White,"Fulton County, IN"
18051,272,0.0170672021083014,White,"Gibson County, IN"
18055,164,0.0119847997661502,White,"Greene County, IN"
18065,230,0.0111840505713591,White,"Henry County, IN"
18069,345,0.0187367620702764,White,"Huntington County, IN"
18075,88,0.00931216931216931,White,"Jay County, IN"
18077,114,0.00774351310963184,White,"Jefferson County, IN"
18079,160,0.011915400655347,White,"Jennings County, IN"
18083,244,0.0140076927492967,White,"Knox County, IN"
18087,98,0.00559680182752713,White,"LaGrange County, IN"
18093,167,0.00791169224938412,White,"Lawrence County, IN"
18101,115,0.0254087494476359,White,"Martin County, IN"
18107,74,0.00398620986856281,White,"Montgomery County, IN"
18117,26,0.0028587135788895,White,"Orange County, IN"
18123,53,0.00635720283075447,White,"Perry County, IN"
18125,25,0.00445235975066785,White,"Pike County, IN"
18131,107,0.018259385665529,White,"Pulaski County, IN"
18135,90,0.00797943080060289,White,"Randolph County, IN"
18137,166,0.0113964025813538,White,"Ripley County, IN"
18139,105,0.0139776357827476,White,"Rush County, IN"
18143,37,0.0035001418976445,White,"Scott County, IN"
18147,150,0.0154130702836005,White,"Spencer County, IN"
18149,20,0.00209863588667366,White,"Starke County, IN"
18151,203,0.0122340746097752,White,"Steuben County, IN"
18155,17,0.00399154731157549,White,"Switzerland County, IN"
18159,136,0.0178313884882654,White,"Tipton County, IN"
18169,136,0.00943658062725507,White,"Wabash County, IN"
18179,214,0.0149514427443583,White,"Wells County, IN"
19001,35,0.00962331591971405,White,"Adair County, IA"
19003,19,0.0111764705882353,White,"Adams County, IA"
19007,37,0.00766204183060675,White,"Appanoose County, IA"
19009,5,0.00175870559268378,White,"Audubon County, IA"
19019,117,0.0112781954887218,White,"Buchanan County, IA"
19021,64,0.00618656355727405,Hispanic or Latino,"Buena Vista County, IA"
19023,80,0.0117113160591421,White,"Butler County, IA"
19025,32,0.00762449368596617,White,"Calhoun County, IA"
19027,79,0.00729320531757755,White,"Carroll County, IA"
19029,23,0.00356257744733581,White,"Cass County, IA"
19031,153,0.0158499948202631,White,"Cedar County, IA"
19035,17,0.00284233405784986,White,"Cherokee County, IA"
19037,38,0.00592177029764688,White,"Chickasaw County, IA"
19041,112,0.0137575236457438,White,"Clay County, IA"
19043,82,0.00937142857142857,White,"Clayton County, IA"
19045,248,0.0115305932676214,White,"Clinton County, IA"
19047,84,0.0109689213893967,Hispanic or Latino,"Crawford County, IA"
19051,40,0.00963391136801541,White,"Davis County, IA"
19055,81,0.00850125944584383,White,"Delaware County, IA"
19059,52,0.00560405216079319,White,"Dickinson County, IA"
19065,122,0.0128746306458421,White,"Fayette County, IA"
19071,30,0.00958466453674121,White,"Fremont County, IA"
19081,27,0.00470957613814757,White,"Hancock County, IA"
19083,106,0.0125265894587568,White,"Hardin County, IA"
19089,29,0.00608604407135362,White,"Howard County, IA"
19091,20,0.0042185192997258,White,"Humboldt County, IA"
19093,20,0.00560852495793606,White,"Ida County, IA"
19095,145,0.0167688215566092,White,"Iowa County, IA"
19097,179,0.0188183347350715,White,"Jackson County, IA"
19107,72,0.01561144839549,White,"Keokuk County, IA"
19109,29,0.00410241901259018,White,"Kossuth County, IA"
19111,86,0.00558115387111428,White,"Lee County, IA"
19117,58,0.0143386897404203,White,"Lucas County, IA"
19119,59,0.00979090607368072,White,"Lyon County, IA"
19123,185,0.0166636642046478,White,"Mahaska County, IA"
19125,373,0.0224158653846154,White,"Marion County, IA"
19127,435,0.0226326742976067,Hispanic or Latino,"Marshall County, IA"
19131,77,0.0135658914728682,White,"Mitchell County, IA"
19133,9,0.00216398172637653,White,"Monona County, IA"
19135,30,0.00818107444777747,White,"Monroe County, IA"
19137,51,0.0107165370876235,White,"Montgomery County, IA"
19139,163,0.00764432772123998,Hispanic or Latino,"Muscatine County, IA"
19141,68,0.00951048951048951,White,"O'Brien County, IA"
19145,49,0.00707990174830227,White,"Page County, IA"
19147,12,0.00259627866724362,White,"Palo Alto County, IA"
19149,82,0.00607362417598696,White,"Plymouth County, IA"
19151,8,0.00236336779911374,White,"Pocahontas County, IA"
19157,135,0.0146723182262798,White,"Poweshiek County, IA"
19159,2,9.16170407695831e-4,White,"Ringgold County, IA"
19161,35,0.00710371422772478,White,"Sac County, IA"
19165,89,0.0144597887896019,White,"Shelby County, IA"
19175,56,0.00987828541188922,White,"Union County, IA"
19177,15,0.00489396411092985,White,"Van Buren County, IA"
19185,2,6.99300699300699e-4,White,"Wayne County, IA"
19189,82,0.0148874364560639,White,"Winnebago County, IA"
19191,77,0.0069052102950408,White,"Winneshiek County, IA"
19195,91,0.0231552162849873,White,"Worth County, IA"
20003,43,0.01279000594884,White,"Anderson County, KS"
20027,71,0.0193355119825708,White,"Clay County, KS"
20029,65,0.0150428141633881,White,"Cloud County, KS"
20031,24,0.00599850037490627,White,"Coffey County, KS"
20033,0,0,White,"Comanche County, KS"
20039,3,0.00221729490022173,White,"Decatur County, KS"
20047,25,0.0187687687687688,Hispanic or Latino,"Edwards County, KS"
20055,147,0.00761618568986063,Hispanic or Latino,"Finney County, KS"
20057,195,0.0113246994598989,Hispanic or Latino,"Ford County, KS"
20059,203,0.015371800696653,White,"Franklin County, KS"
20063,7,0.00549450549450549,White,"Gove County, KS"
20067,18,0.00553165334972342,Hispanic or Latino,"Grant County, KS"
20071,2,0.00291545189504373,Hispanic or Latino,"Greeley County, KS"
20073,6,0.00208695652173913,White,"Greenwood County, KS"
20075,0,0,Hispanic or Latino,"Hamilton County, KS"
20081,14,0.00759219088937093,Hispanic or Latino,"Haskell County, KS"
20083,5,0.00535905680600214,White,"Hodgeman County, KS"
20089,26,0.0209677419354839,White,"Jewell County, KS"
20093,26,0.0144444444444444,Hispanic or Latino,"Kearny County, KS"
20095,36,0.0100027785495971,White,"Kingman County, KS"
20105,6,0.00422535211267606,White,"Lincoln County, KS"
20111,192,0.0111388292626327,Hispanic or Latino,"Lyon County, KS"
20113,261,0.017141731249179,White,"McPherson County, KS"
20115,75,0.0132181882270004,White,"Marion County, KS"
20117,24,0.00481347773766546,White,"Marshall County, KS"
20119,10,0.00493827160493827,Hispanic or Latino,"Meade County, KS"
20123,3,0.00112275449101796,White,"Mitchell County, KS"
20127,23,0.00844966936076414,White,"Morris County, KS"
20129,6,0.00496277915632754,Hispanic or Latino,"Morton County, KS"
20131,27,0.00538277511961723,White,"Nemaha County, KS"
20141,16,0.00900900900900901,White,"Osborne County, KS"
20143,48,0.017100106875668,White,"Ottawa County, KS"
20147,23,0.00958732805335557,White,"Phillips County, KS"
20157,34,0.0154686078252957,White,"Republic County, KS"
20163,13,0.00540540540540541,White,"Rooks County, KS"
20171,0,0,Hispanic or Latino,"Scott County, KS"
20175,71,0.00655344286505446,Hispanic or Latino,"Seward County, KS"
20179,6,0.00436363636363636,White,"Sheridan County, KS"
20183,19,0.0113230035756853,White,"Smith County, KS"
20187,17,0.0182012847965739,Hispanic or Latino,"Stanton County, KS"
20189,0,0,Hispanic or Latino,"Stevens County, KS"
20195,0,0,White,"Trego County, KS"
20199,0,0,White,"Wallace County, KS"
20201,18,0.00708103855232101,White,"Washington County, KS"
20203,0,0,Hispanic or Latino,"Wichita County, KS"
20205,93,0.0238095238095238,White,"Wilson County, KS"
20207,5,0.00387897595034911,White,"Woodson County, KS"
21001,83,0.0108638743455497,White,"Adair County, KY"
21005,270,0.0249722530521643,White,"Anderson County, KY"
21007,30,0.00925354719309068,White,"Ballard County, KY"
21011,20,0.00418672807201172,White,"Bath County, KY"
21013,39,0.00539941852415894,White,"Bell County, KY"
21025,65,0.01481650330522,White,"Breathitt County, KY"
21027,119,0.0150651981263451,White,"Breckinridge County, KY"
21033,73,0.0133308984660336,White,"Caldwell County, KY"
21039,19,0.0106026785714286,White,"Carlisle County, KY"
21045,4,7.2992700729927e-4,White,"Casey County, KY"
21051,36,0.00656215822092599,White,"Clay County, KY"
21053,52,0.0143290162579223,White,"Clinton County, KY"
21055,50,0.0144383482529599,White,"Crittenden County, KY"
21057,36,0.0150627615062762,White,"Cumberland County, KY"
21063,5,0.00278086763070078,White,"Elliott County, KY"
21065,28,0.00565428109854604,White,"Estill County, KY"
21069,28,0.00462351387054161,White,"Fleming County, KY"
21071,52,0.004733296923357,White,"Floyd County, KY"
21079,37,0.00489741892786234,White,"Garrard County, KY"
21085,95,0.00913110342176086,White,"Grayson County, KY"
21087,25,0.00628930817610063,White,"Green County, KY"
21095,48,0.00687383645997422,White,"Harlan County, KY"
21097,94,0.0111878124256129,White,"Harrison County, KY"
21099,109,0.0137193203272498,White,"Hart County, KY"
21115,105,0.0141796083727211,White,"Johnson County, KY"
21119,61,0.0147914645974782,White,"Knott County, KY"
21121,131,0.0143813810517071,White,"Knox County, KY"
21125,486,0.0196506550218341,White,"Laurel County, KY"
21127,62,0.0137900355871886,White,"Lawrence County, KY"
21129,59,0.0252676659528908,White,"Lee County, KY"
21131,10,0.00289017341040462,White,"Leslie County, KY"
21133,2,2.94247462115639e-4,White,"Letcher County, KY"
21135,43,0.0107473131717071,White,"Lewis County, KY"
21137,14,0.00140562248995984,White,"Lincoln County, KY"
21139,73,0.0202104097452935,White,"Livingston County, KY"
21153,6,0.00189813350205631,White,"Magoffin County, KY"
21157,70,0.00513761467889908,White,"Marshall County, KY"
21167,23,0.00234382961377764,White,"Mercer County, KY"
21169,15,0.00348108609886285,White,"Metcalfe County, KY"
21171,81,0.0164400243555916,White,"Monroe County, KY"
21173,176,0.0153617875534608,White,"Montgomery County, KY"
21175,26,0.00644361833952912,White,"Morgan County, KY"
21177,171,0.0140636565507032,White,"Muhlenberg County, KY"
21179,343,0.015421275065192,White,"Nelson County, KY"
21181,34,0.0114593865857769,White,"Nicholas County, KY"
21183,58,0.00569353097084519,White,"Ohio County, KY"
21187,43,0.00882594417077176,White,"Owen County, KY"
21193,32,0.00321091711820189,White,"Perry County, KY"
21195,317,0.0167875867182121,White,"Pike County, KY"
21197,51,0.0107776838546069,White,"Powell County, KY"
21199,175,0.00660202965254461,White,"Pulaski County, KY"
21201,0,0,White,"Robertson County, KY"
21203,89,0.0147644326476443,White,"Rockcastle County, KY"
21205,120,0.011328235627301,White,"Rowan County, KY"
21207,106,0.0150014152278517,White,"Russell County, KY"
21223,80,0.0210470928702973,White,"Trimble County, KY"
21231,83,0.0113403470419456,White,"Wayne County, KY"
21235,99,0.00744977048686884,White,"Whitley County, KY"
21237,0,0,White,"Wolfe County, KY"
22013,34,0.00778210116731518,Black,"Bienville Parish, LA"
22025,0,0,Black,"Catahoula Parish, LA"
22027,15,0.00311397135146357,Black,"Claiborne Parish, LA"
22029,24,0.00444526764215595,Black,"Concordia Parish, LA"
22035,0,0,Black,"East Carroll Parish, LA"
22041,7,0.001032296121516,Black,"Franklin Parish, LA"
22061,405,0.0190911662109927,Black,"Lincoln Parish, LA"
22065,0,0,Black,"Madison Parish, LA"
22069,148,0.0113011606597434,Black,"Natchitoches Parish, LA"
22081,6,0.00210600210600211,Black,"Red River Parish, LA"
22083,16,0.00213390237396639,Black,"Richland Parish, LA"
22097,214,0.00684559035219603,Black,"St. Landry Parish, LA"
22107,26,0.0220525869380831,Black,"Tensas Parish, LA"
22117,143,0.00856082375478927,Black,"Washington Parish, LA"
22119,91,0.00689080720884446,Black,"Webster Parish, LA"
22127,21,0.0044529262086514,Black,"Winn Parish, LA"
23003,320,0.0110703660139763,White,"Aroostook County, ME"
23007,255,0.0181818181818182,White,"Franklin County, ME"
23009,328,0.011752060193479,White,"Hancock County, ME"
23011,1281,0.0210992703374895,White,"Kennebec County, ME"
23013,248,0.0125990652306442,White,"Knox County, ME"
23015,318,0.0193713450292398,White,"Lincoln County, ME"
23017,368,0.0140850461208711,White,"Oxford County, ME"
23021,91,0.0132711098147878,White,"Piscataquis County, ME"
23025,280,0.0127883078328385,White,"Somerset County, ME"
24023,272,0.0197962154294032,White,"Garrett County, MD"
26001,27,0.00787172011661808,White,"Alcona County, MI"
26007,256,0.0210994807549658,White,"Alpena County, MI"
26009,121,0.0116750289463528,White,"Antrim County, MI"
26011,35,0.00588730025231287,White,"Arenac County, MI"
26015,515,0.0179580165980891,White,"Barry County, MI"
26019,74,0.00930934708768399,White,"Benzie County, MI"
26029,119,0.00949190396426577,White,"Charlevoix County, MI"
26031,81,0.00784123910939013,White,"Cheboygan County, MI"
26035,110,0.0102373196835738,White,"Clare County, MI"
26039,92,0.018095987411487,White,"Crawford County, MI"
26041,157,0.0102964323189927,White,"Delta County, MI"
26043,232,0.0202231520223152,White,"Dickinson County, MI"
26051,109,0.0122375659593578,White,"Gladwin County, MI"
26053,99,0.015817223198594,White,"Gogebic County, MI"
26055,960,0.0201278960058706,White,"Grand Traverse County, MI"
26059,205,0.0102952993169948,White,"Hillsdale County, MI"
26061,371,0.0225463384989365,White,"Houghton County, MI"
26063,99,0.00723631313500475,White,"Huron County, MI"
26069,60,0.00651890482398957,White,"Iosco County, MI"
26071,13,0.00293387497178966,White,"Iron County, MI"
26079,62,0.00838858070626437,White,"Kalkaska County, MI"
26083,12,0.0149625935162095,White,"Keweenaw County, MI"
26103,430,0.0140905069305633,White,"Marquette County, MI"
26105,123,0.00980235894166401,White,"Mason County, MI"
26107,221,0.0129854868088607,White,"Mecosta County, MI"
26109,63,0.00590495829037398,White,"Menominee County, MI"
26113,53,0.00834645669291339,White,"Missaukee County, MI"
26119,9,0.00283018867924528,White,"Montmorency County, MI"
26129,54,0.00725513905683192,White,"Ogemaw County, MI"
26131,24,0.0118635689569946,White,"Ontonagon County, MI"
26133,77,0.00861875979404522,White,"Osceola County, MI"
26135,26,0.00936262153402953,White,"Oscoda County, MI"
26137,89,0.00778788939446972,White,"Otsego County, MI"
26141,20,0.00434121988278706,White,"Presque Isle County, MI"
26143,69,0.00870882241575161,White,"Roscommon County, MI"
26151,161,0.00921368890923658,White,"Sanilac County, MI"
26157,376,0.0165887231977411,White,"Tuscola County, MI"
26165,184,0.0130072105188746,White,"Wexford County, MI"
27001,30,0.00491803278688525,White,"Aitkin County, MN"
27007,263,0.0124656365532278,Native American and Alaska Native,"Beltrami County, MN"
27011,11,0.0047068891741549,White,"Big Stone County, MN"
27015,116,0.00858369098712446,White,"Brown County, MN"
27035,532,0.0172424969209827,White,"Crow Wing County, MN"
27041,320,0.0164473684210526,White,"Douglas County, MN"
27049,431,0.0177220394736842,White,"Goodhue County, MN"
27051,17,0.00579216354344123,White,"Grant County, MN"
27057,94,0.00971074380165289,White,"Hubbard County, MN"
27063,70,0.0135922330097087,White,"Jackson County, MN"
27065,92,0.011963589076723,White,"Kanabec County, MN"
27069,14,0.00670177118238392,White,"Kittson County, MN"
27071,34,0.00596805336141829,White,"Koochiching County, MN"
27073,45,0.0141553947782321,White,"Lac qui Parle County, MN"
27077,6,0.00344234079173838,White,"Lake of the Woods County, MN"
27081,11,0.00398550724637681,White,"Lincoln County, MN"
27087,16,0.00787789266371246,Native American and Alaska Native,"Mahnomen County, MN"
27089,31,0.00700564971751412,White,"Marshall County, MN"
27091,79,0.00796772566817953,White,"Martin County, MN"
27093,190,0.0165059508296412,White,"Meeker County, MN"
27097,212,0.0126710895941665,White,"Morrison County, MN"
27101,35,0.00857002938295788,White,"Murray County, MN"
27105,87,0.00811491465348382,Hispanic or Latino,"Nobles County, MN"
27111,373,0.0129540876571508,White,"Otter Tail County, MN"
27121,144,0.0251572327044025,White,"Pope County, MN"
27125,19,0.00989583333333333,White,"Red Lake County, MN"
27133,55,0.0109539932284405,White,"Rock County, MN"
27135,66,0.0083905415713196,White,"Roseau County, MN"
27159,56,0.0091563113145847,White,"Wadena County, MN"
27165,43,0.00827559661277906,Hispanic or Latino,"Watonwan County, MN"
27167,28,0.00887480190174326,White,"Wilkin County, MN"
27169,663,0.0236422636665121,White,"Winona County, MN"
28001,52,0.00516129032258065,Black,"Adams County, MS"
28005,10,0.00260416666666667,Black,"Amite County, MS"
28007,29,0.00412283195905601,Black,"Attala County, MS"
28009,10,0.00309405940594059,Black,"Benton County, MS"
28011,78,0.00727611940298507,Black,"Bolivar County, MS"
28015,70,0.0197795987567109,Black,"Carroll County, MS"
28017,17,0.00253089176715796,Black,"Chickasaw County, MS"
28021,11,0.00427184466019417,Black,"Claiborne County, MS"
28023,91,0.0144467375773932,Black,"Clarke County, MS"
28025,175,0.0247559768001132,Black,"Clay County, MS"
28027,6,7.95967100026532e-4,Black,"Coahoma County, MS"
28037,0,0,Black,"Franklin County, MS"
28043,13,0.00148080646998519,Black,"Grenada County, MS"
28053,8,0.00299850074962519,Black,"Humphreys County, MS"
28055,0,0,Black,"Issaquena County, MS"
28061,0,0,Black,"Jasper County, MS"
28063,5,0.0022212350066637,Black,"Jefferson County, MS"
28065,32,0.00717167189601076,Black,"Jefferson Davis County, MS"
28069,20,0.0056657223796034,Black,"Kemper County, MS"
28075,236,0.00791919734237106,Black,"Lauderdale County, MS"
28077,43,0.0102576335877863,Black,"Lawrence County, MS"
28079,42,0.00523494952012963,Black,"Leake County, MS"
28083,81,0.0082091821222256,Black,"Leflore County, MS"
28085,136,0.00990459544097298,Black,"Lincoln County, MS"
28087,186,0.00776812562646174,Black,"Lowndes County, MS"
28091,23,0.00267069205759405,Black,"Marion County, MS"
28095,96,0.00698689956331878,Black,"Monroe County, MS"
28097,0,0,Black,"Montgomery County, MS"
28101,72,0.00866113316492241,Black,"Newton County, MS"
28103,0,0,Black,"Noxubee County, MS"
28105,374,0.0167660375666831,Black,"Oktibbeha County, MS"
28107,139,0.0118752669799231,Black,"Panola County, MS"
28113,207,0.0141732283464567,Black,"Pike County, MS"
28119,16,0.00767386091127098,Black,"Quitman County, MS"
28123,71,0.00630438643225004,Black,"Scott County, MS"
28125,0,0,Black,"Sharkey County, MS"
28133,14,0.00165739315733396,Black,"Sunflower County, MS"
28135,62,0.0133419410372283,Black,"Tallahatchie County, MS"
28141,34,0.00461454940282302,White,"Tishomingo County, MS"
28147,26,0.00521355524363345,Black,"Walthall County, MS"
28149,277,0.0144904791797447,Black,"Warren County, MS"
28151,146,0.00845494556404911,Black,"Washington County, MS"
28153,0,0,Black,"Wayne County, MS"
28157,0,0,Black,"Wilkinson County, MS"
28159,56,0.00854179377669311,Black,"Winston County, MS"
28161,2,3.78572780617074e-4,Black,"Yalobusha County, MS"
29005,12,0.00466019417475728,White,"Atchison County, MO"
29011,62,0.0129490392648287,White,"Barton County, MO"
29015,58,0.00842655818683713,White,"Benton County, MO"
29029,174,0.00966237227898712,White,"Camden County, MO"
29033,19,0.00504246284501062,White,"Carroll County, MO"
29035,2,8.65800865800866e-4,White,"Carter County, MO"
29039,13,0.00250433442496629,White,"Cedar County, MO"
29041,20,0.00630914826498423,White,"Chariton County, MO"
29045,27,0.00914014895057549,White,"Clark County, MO"
29055,125,0.0139306809316839,White,"Crawford County, MO"
29057,24,0.00781758957654723,White,"Dade County, MO"
29061,29,0.0078804347826087,White,"Daviess County, MO"
29065,39,0.0064484126984127,White,"Dent County, MO"
29067,101,0.0237367802585194,White,"Douglas County, MO"
29073,80,0.0110573600552868,White,"Gasconade County, MO"
29075,21,0.00781540751767771,White,"Gentry County, MO"
29079,22,0.00521327014218009,White,"Grundy County, MO"
29081,10,0.00292226767971946,White,"Harrison County, MO"
29083,54,0.00579772385656002,White,"Henry County, MO"
29085,5,0.00189322226429383,White,"Hickory County, MO"
29087,11,0.00561224489795918,White,"Holt County, MO"
29091,113,0.00720663265306122,White,"Howell County, MO"
29093,28,0.00752688172043011,White,"Iron County, MO"
29103,14,0.00845921450151057,White,"Knox County, MO"
29105,199,0.0128627755154806,White,"Laclede County, MO"
29111,23,0.00551030186871107,White,"Lewis County, MO"
29115,81,0.0147621651175506,White,"Linn County, MO"
29117,45,0.00695195427158968,White,"Livingston County, MO"
29121,122,0.0189147286821705,White,"Macon County, MO"
29123,80,0.0154918667699458,White,"Madison County, MO"
29125,21,0.0056772100567721,White,"Maries County, MO"
29129,20,0.013080444735121,White,"Mercer County, MO"
29131,266,0.0237076648841355,White,"Miller County, MO"
29137,16,0.00435374149659864,White,"Monroe County, MO"
29139,1,1.93948797517455e-4,White,"Montgomery County, MO"
29141,66,0.0087672688629118,White,"Morgan County, MO"
29147,71,0.00667669738574384,White,"Nodaway County, MO"
29149,3,0.00093196644920782805,White,"Oregon County, MO"
29153,47,0.0162573503977862,White,"Ozark County, MO"
29157,82,0.00903282661379158,White,"Perry County, MO"
29171,32,0.0154963680387409,White,"Putnam County, MO"
29173,33,0.00701679778864555,White,"Ralls County, MO"
29179,9,0.0038643194504079,White,"Reynolds County, MO"
29181,3,7.2992700729927e-4,White,"Ripley County, MO"
29185,8,0.00215633423180593,White,"St. Clair County, MO"
29186,101,0.0117128609532645,White,"Ste. Genevieve County, MO"
29187,249,0.00915542155384785,White,"St. Francois County, MO"
29199,4,0.00210084033613445,White,"Scotland County, MO"
29203,21,0.00802139037433155,White,"Shannon County, MO"
29205,19,0.00679542203147353,White,"Shelby County, MO"
29207,165,0.0139311043566363,White,"Stoddard County, MO"
29209,110,0.00934500042477275,White,"Stone County, MO"
29211,13,0.00512214342001576,Hispanic or Latino,"Sullivan County, MO"
29215,67,0.00707347972972973,White,"Texas County, MO"
29217,132,0.0153488372093023,White,"Vernon County, MO"
29221,143,0.0156489384985774,White,"Washington County, MO"
29223,54,0.0148842337375965,White,"Wayne County, MO"
29227,5,0.00552486187845304,White,"Worth County, MO"
29229,47,0.00704225352112676,White,"Wright County, MO"
30003,16,0.00335640864275226,Native American and Alaska Native,"Big Horn County, MT"
30005,21,0.008203125,Native American and Alaska Native,"Blaine County, MT"
30007,17,0.00560501153972964,White,"Broadwater County, MT"
30011,0,0,White,"Carter County, MT"
30015,1,3.90777647518562e-4,Native American and Alaska Native,"Chouteau County, MT"
30017,65,0.0104400899453903,White,"Custer County, MT"
30019,4,0.00465116279069767,White,"Daniels County, MT"
30021,26,0.00557580956465795,White,"Dawson County, MT"
30025,18,0.0109957238851558,White,"Fallon County, MT"
30027,158,0.0274448497481327,White,"Fergus County, MT"
30029,908,0.0179004435682602,White,"Flathead County, MT"
30033,6,0.0106007067137809,White,"Garfield County, MT"
30035,35,0.00672043010752688,Native American and Alaska Native,"Glacier County, MT"
30039,0,0,White,"Granite County, MT"
30041,124,0.0167771614125287,Native American and Alaska Native,"Hill County, MT"
30043,116,0.0211139424827084,White,"Jefferson County, MT"
30045,5,0.00533049040511727,White,"Judith Basin County, MT"
30047,112,0.0085902745819911,Native American and Alaska Native,"Lake County, MT"
30051,3,0.00323624595469256,White,"Liberty County, MT"
30057,19,0.00492866407263294,White,"Madison County, MT"
30059,0,0,White,"Meagher County, MT"
30061,6,0.00339174674957603,White,"Mineral County, MT"
30065,13,0.00647410358565737,White,"Musselshell County, MT"
30067,102,0.011353517364203,White,"Park County, MT"
30069,0,0,White,"Petroleum County, MT"
30075,0,0,White,"Powder River County, MT"
30079,0,0,White,"Prairie County, MT"
30081,309,0.0158950617283951,White,"Ravalli County, MT"
30085,11,0.0029673590504451,Native American and Alaska Native,"Roosevelt County, MT"
30087,41,0.0117782246480896,Native American and Alaska Native,"Rosebud County, MT"
30097,17,0.00947075208913649,White,"Sweet Grass County, MT"
30099,28,0.0100610851598994,White,"Teton County, MT"
30103,0,0,White,"Treasure County, MT"
30107,0,0,White,"Wheatland County, MT"
31003,5,0.00153280196198651,White,"Antelope County, NE"
31005,0,0,White,"Arthur County, NE"
31007,0,0,White,"Banner County, NE"
31009,0,0,White,"Blaine County, NE"
31011,6,0.00212841433132316,White,"Boone County, NE"
31015,0,0,White,"Boyd County, NE"
31017,0,0,White,"Brown County, NE"
31021,21,0.00720164609053498,White,"Burt County, NE"
31023,21,0.0047978067169294,White,"Butler County, NE"
31027,14,0.00315102408282692,White,"Cedar County, NE"
31037,5,9.42862530643032e-4,Hispanic or Latino,"Colfax County, NE"
31041,37,0.00685820203892493,White,"Custer County, NE"
31047,32,0.00261416550935381,Hispanic or Latino,"Dawson County, NE"
31057,0,0,White,"Dundy County, NE"
31059,34,0.0114208935169634,White,"Fillmore County, NE"
31061,5,0.00368188512518409,White,"Franklin County, NE"
31063,25,0.0209907640638119,White,"Frontier County, NE"
31065,22,0.00938566552901024,White,"Furnas County, NE"
31067,93,0.00841552800651525,White,"Gage County, NE"
31069,0,0,White,"Garden County, NE"
31073,6,0.00694444444444444,White,"Gosper County, NE"
31075,9,0.0257142857142857,White,"Grant County, NE"
31077,2,0.00195503421309873,White,"Greeley County, NE"
31081,73,0.0151358075886378,White,"Hamilton County, NE"
31083,1,0.00065061808718282405,White,"Harlan County, NE"
31085,0,0,White,"Hayes County, NE"
31087,9,0.00732302685109845,White,"Hitchcock County, NE"
31089,56,0.0105660377358491,White,"Holt County, NE"
31095,19,0.0053885422575156,White,"Jefferson County, NE"
31099,13,0.00374963945774445,White,"Kearney County, NE"
31103,2,0.00413223140495868,White,"Keya Paha County, NE"
31117,0,0,White,"McPherson County, NE"
31125,9,0.00539568345323741,White,"Nance County, NE"
31127,34,0.0104873534855028,White,"Nemaha County, NE"
31129,8,0.0037122969837587,White,"Nuckolls County, NE"
31133,7,0.00615114235500879,White,"Pawnee County, NE"
31135,21,0.0147991543340381,White,"Perkins County, NE"
31137,7,0.00153643546971027,White,"Phelps County, NE"
31139,35,0.00928381962864721,White,"Pierce County, NE"
31141,244,0.0137364183977932,Hispanic or Latino,"Platte County, NE"
31143,15,0.00555349870418364,White,"Polk County, NE"
31145,46,0.00849963045084996,White,"Red Willow County, NE"
31147,29,0.0074954768674076,White,"Richardson County, NE"
31149,1,0.00149253731343284,White,"Rock County, NE"
31151,143,0.0194849434527865,Hispanic or Latino,"Saline County, NE"
31157,270,0.0156685236768802,Hispanic or Latino,"Scotts Bluff County, NE"
31163,42,0.027027027027027,White,"Sherman County, NE"
31167,17,0.00527131782945736,White,"Stanton County, NE"
31169,7,0.00284321689683184,White,"Thayer County, NE"
31171,4,0.0128205128205128,White,"Thomas County, NE"
31173,22,0.00811808118081181,Native American and Alaska Native,"Thurston County, NE"
31175,54,0.0269192422731805,White,"Valley County, NE"
31181,11,0.00628212450028555,White,"Webster County, NE"
31183,8,0.021680216802168,White,"Wheeler County, NE"
31185,51,0.00741710296684119,White,"York County, NE"
32007,177,0.00669997728821258,Hispanic or Latino,"Elko County, NV"
32009,0,0,Hispanic or Latino,"Esmeralda County, NV"
32013,24,0.0029038112522686,Hispanic or Latino,"Humboldt County, NV"
32015,4,0.0015748031496063,Hispanic or Latino,"Lander County, NV"
32019,356,0.0143380724153208,Hispanic or Latino,"Lyon County, NV"
32021,0,0,Native American and Alaska Native,"Mineral County, NV"
32027,0,0,Hispanic or Latino,"Pershing County, NV"
33001,841,0.0259728227300803,White,"Belknap County, NH"
33003,299,0.0119366042556589,White,"Carroll County, NH"
33005,991,0.0251197688271527,White,"Cheshire County, NH"
33007,139,0.00955392123169977,White,"Coos County, NH"
33013,2225,0.0275286111970306,White,"Merrimack County, NH"
35005,174,0.00647972293598481,Hispanic or Latino,"Chaves County, NM"
35006,98,0.0112320916905444,Native American and Alaska Native,"Cibola County, NM"
35006,98,0.0112320916905444,Hispanic or Latino,"Cibola County, NM"
35007,42,0.00854179377669311,Hispanic or Latino,"Colfax County, NM"
35009,223,0.0116285133232518,Hispanic or Latino,"Curry County, NM"
35011,10,0.017636684303351,Hispanic or Latino,"De Baca County, NM"
35015,281,0.0102655901801045,Hispanic or Latino,"Eddy County, NM"
35017,115,0.0122522906456424,Hispanic or Latino,"Grant County, NM"
35019,0,0,Hispanic or Latino,"Guadalupe County, NM"
35021,2,0.00836820083682008,Hispanic or Latino,"Harding County, NM"
35023,9,0.00576923076923077,Hispanic or Latino,"Hidalgo County, NM"
35025,149,0.00497878170214188,Hispanic or Latino,"Lea County, NM"
35027,63,0.00798479087452472,Hispanic or Latino,"Lincoln County, NM"
35029,42,0.00523690773067332,Hispanic or Latino,"Luna County, NM"
35031,345,0.0144793721408486,Native American and Alaska Native,"McKinley County, NM"
35033,0,0,Hispanic or Latino,"Mora County, NM"
35035,253,0.0110388760417121,Hispanic or Latino,"Otero County, NM"
35037,14,0.00440251572327044,Hispanic or Latino,"Quay County, NM"
35039,372,0.0238599191841447,Hispanic or Latino,"Rio Arriba County, NM"
35041,127,0.015332608958107,Hispanic or Latino,"Roosevelt County, NM"
35047,135,0.0130510440835267,Hispanic or Latino,"San Miguel County, NM"
35051,32,0.00894104498463258,Hispanic or Latino,"Sierra County, NM"
35055,327,0.0243303571428571,Hispanic or Latino,"Taos County, NM"
35059,7,0.00518902891030393,Hispanic or Latino,"Union County, NM"
36003,235,0.0122811601776849,White,"Allegany County, NY"
36017,330,0.0154385964912281,White,"Chenango County, NY"
36023,484,0.0207049965776865,White,"Cortland County, NY"
36025,172,0.00881057268722467,White,"Delaware County, NY"
36031,257,0.014987170515512,White,"Essex County, NY"
36035,243,0.00993174479911718,White,"Fulton County, NY"
36037,642,0.022067922452908,White,"Genesee County, NY"
36041,9,0.00419189566837448,White,"Hamilton County, NY"
36049,134,0.0112030766658306,White,"Lewis County, NY"
36077,427,0.0157459989674755,White,"Otsego County, NY"
36089,579,0.0130334954078876,White,"St. Lawrence County, NY"
36097,79,0.00969087340529931,White,"Schuyler County, NY"
36101,771,0.0181899683857878,White,"Steuben County, NY"
37009,54,0.0044121251736253,White,"Ashe County, NC"
37015,46,0.00700472057255977,Black,"Bertie County, NC"
37017,75,0.00656340246783933,Black,"Bladen County, NC"
37033,109,0.0115088163868652,Black,"Caswell County, NC"
37039,128,0.0115149334292911,White,"Cherokee County, NC"
37041,44,0.00787542509396814,Black,"Chowan County, NC"
37043,106,0.0232405174303881,White,"Clay County, NC"
37061,239,0.0110021636053952,Hispanic or Latino,"Duplin County, NC"
37079,28,0.00344912540034491,Black,"Greene County, NC"
37083,269,0.0148774957137326,Black,"Halifax County, NC"
37091,98,0.0116847502086563,Black,"Hertford County, NC"
37105,619,0.0217674156908253,Hispanic or Latino,"Lee County, NC"
37107,180,0.0079628400796284,Black,"Lenoir County, NC"
37117,41,0.0044541010320478,Black,"Martin County, NC"
37121,56,0.00874726647922524,White,"Mitchell County, NC"
37131,44,0.00648680524841516,Black,"Northampton County, NC"
37139,384,0.0217170003393281,Black,"Pasquotank County, NC"
37153,179,0.010049404895576,Black,"Richmond County, NC"
37155,284,0.00648549897236812,Native American and Alaska Native,"Robeson County, NC"
37163,167,0.0066767951383336,Hispanic or Latino,"Sampson County, NC"
37165,112,0.00889665581062833,Black,"Scotland County, NC"
37173,117,0.0207704597905201,Native American and Alaska Native,"Swain County, NC"
37181,110,0.00594401815627364,Black,"Vance County, NC"
37185,20,0.00278512741957945,Black,"Warren County, NC"
37187,15,0.00378405650857719,Black,"Washington County, NC"
37189,378,0.0144236272751555,White,"Watauga County, NC"
37195,763,0.0223812736499369,Black,"Wilson County, NC"
37199,32,0.00422777117188532,White,"Yancey County, NC"
38001,3,0.00275229357798165,White,"Adams County, ND"
38005,8,0.00398604882909816,Native American and Alaska Native,"Benson County, ND"
38007,0,0,White,"Billings County, ND"
38009,13,0.00421120829284095,White,"Bottineau County, ND"
38011,7,0.00458715596330275,White,"Bowman County, ND"
38013,3,0.00280112044817927,White,"Burke County, ND"
38019,0,0,White,"Cavalier County, ND"
38021,1,4.0983606557377e-4,White,"Dickey County, ND"
38029,7,0.00448717948717949,White,"Emmons County, ND"
38031,0,0,White,"Foster County, ND"
38037,2,0.00183150183150183,White,"Grant County, ND"
38039,1,8.92060660124889e-4,White,"Griggs County, ND"
38041,0,0,White,"Hettinger County, ND"
38043,27,0.0253521126760563,White,"Kidder County, ND"
38045,24,0.01171875,White,"LaMoure County, ND"
38047,3,0.00336700336700337,White,"Logan County, ND"
38049,28,0.0106060606060606,White,"McHenry County, ND"
38051,3,0.00223048327137546,White,"McIntosh County, ND"
38057,21,0.00537496800614282,White,"Mercer County, ND"
38061,66,0.0150034098658786,Native American and Alaska Native,"Mountrail County, ND"
38063,8,0.0055286800276434,White,"Nelson County, ND"
38067,14,0.00422960725075529,White,"Pembina County, ND"
38069,0,0,White,"Pierce County, ND"
38073,3,0.00111111111111111,White,"Ransom County, ND"
38075,0,0,White,"Renville County, ND"
38079,34,0.00773430391264786,Native American and Alaska Native,"Rolette County, ND"
38081,4,0.0019351717464925,White,"Sargent County, ND"
38083,14,0.0220820189274448,White,"Sheridan County, ND"
38085,22,0.0198376916140667,Native American and Alaska Native,"Sioux County, ND"
38087,0,0,White,"Slope County, ND"
38091,6,0.00665188470066519,White,"Steele County, ND"
38093,69,0.00627957772115035,White,"Stutsman County, ND"
38097,51,0.012598814229249,White,"Traill County, ND"
39001,19,0.00180969616153919,White,"Adams County, OH"
39005,396,0.0156645569620253,White,"Ashland County, OH"
39011,485,0.0204796892154379,White,"Auglaize County, OH"
39021,217,0.0117793942025839,White,"Champaign County, OH"
39027,381,0.0193440292445167,White,"Clinton County, OH"
39029,477,0.0103061599291316,White,"Columbiana County, OH"
39031,64,0.00411549096521124,White,"Coshocton County, OH"
39033,201,0.0105125523012552,White,"Crawford County, OH"
39037,383,0.0154410578938881,White,"Darke County, OH"
39047,198,0.0157355161726138,White,"Fayette County, OH"
39053,90,0.00760906323977004,White,"Gallia County, OH"
39059,188,0.011422322133787,White,"Guernsey County, OH"
39065,155,0.0111390585698886,White,"Hardin County, OH"
39067,13,0.00227591036414566,White,"Harrison County, OH"
39071,145,0.00771481777068369,White,"Highland County, OH"
39075,106,0.00519556906185668,White,"Holmes County, OH"
39079,64,0.00465827207220322,White,"Jackson County, OH"
39083,380,0.0130700969938777,White,"Knox County, OH"
39091,264,0.0122301491707588,White,"Logan County, OH"
39105,104,0.0124790016798656,White,"Meigs County, OH"
39107,311,0.0142138939670932,White,"Mercer County, OH"
39111,55,0.010369532428356,White,"Monroe County, OH"
39115,69,0.0125090645395214,White,"Morgan County, OH"
39119,339,0.00864994514046592,White,"Muskingum County, OH"
39121,18,0.00432900432900433,White,"Noble County, OH"
39125,81,0.00976609597299252,White,"Paulding County, OH"
39131,64,0.00628375061364752,White,"Pike County, OH"
39135,227,0.0115474615932445,White,"Preble County, OH"
39137,165,0.00951173113506658,White,"Putnam County, OH"
39145,245,0.00951788974787304,White,"Scioto County, OH"
39149,288,0.0118836393645554,White,"Shelby County, OH"
39157,282,0.00652596500971952,White,"Tuscarawas County, OH"
39161,267,0.0191247045340592,White,"Van Wert County, OH"
39163,113,0.0209920118892811,White,"Vinton County, OH"
39167,541,0.0198736316214826,White,"Washington County, OH"
39169,1048,0.019012717476098,White,"Wayne County, OH"
39171,160,0.00903393371351138,White,"Williams County, OH"
39175,149,0.0134476534296029,White,"Wyandot County, OH"
40001,31,0.0043205574912892,Native American and Alaska Native,"Adair County, OK"
40007,42,0.0176248426353336,Hispanic or Latino,"Beaver County, OK"
40015,96,0.00951060035664751,Native American and Alaska Native,"Caddo County, OK"
40021,194,0.00971992584798838,Native American and Alaska Native,"Cherokee County, OK"
40025,0,0,Hispanic or Latino,"Cimarron County, OK"
40035,60,0.0110031175499725,Native American and Alaska Native,"Craig County, OK"
40039,54,0.00367872470876763,Hispanic or Latino,"Custer County, OK"
40041,177,0.0112990743696138,Native American and Alaska Native,"Delaware County, OK"
40057,7,0.00621669626998224,Hispanic or Latino,"Harmon County, OK"
40059,0,0,Hispanic or Latino,"Harper County, OK"
40063,26,0.00625902744342802,Native American and Alaska Native,"Hughes County, OK"
40065,163,0.0152265296590378,Hispanic or Latino,"Jackson County, OK"
40077,27,0.00764223039909425,Native American and Alaska Native,"Latimer County, OK"
40095,23,0.00386230058774139,Hispanic or Latino,"Marshall County, OK"
40097,148,0.00884902840059791,Native American and Alaska Native,"Mayes County, OK"
40101,301,0.0116341991341991,Native American and Alaska Native,"Muskogee County, OK"
40115,98,0.00789240557300475,Native American and Alaska Native,"Ottawa County, OK"
40133,41,0.00482182759026226,Native American and Alaska Native,"Seminole County, OK"
40139,71,0.00642941229738296,Hispanic or Latino,"Texas County, OK"
40141,39,0.0134158926728586,Hispanic or Latino,"Tillman County, OK"
41023,37,0.012675573826653,White,"Grant County, OR"
41027,309,0.0245296499166468,Hispanic or Latino,"Hood River County, OR"
41031,144,0.0154622570600236,Hispanic or Latino,"Jefferson County, OR"
41045,114,0.0099624224416674,Hispanic or Latino,"Malheur County, OR"
41049,98,0.0193829113924051,Hispanic or Latino,"Morrow County, OR"
41059,573,0.017203590836761,Hispanic or Latino,"Umatilla County, OR"
41063,15,0.00445765230312036,White,"Wallowa County, OR"
41065,117,0.00975487743871936,Hispanic or Latino,"Wasco County, OR"
42009,215,0.00984161860294791,White,"Bedford County, PA"
42015,411,0.0157725074833065,White,"Bradford County, PA"
42023,3,0.00164113785557987,White,"Cameron County, PA"
42031,217,0.0127887788778878,White,"Clarion County, PA"
42033,251,0.00734175734175734,White,"Clearfield County, PA"
42035,274,0.0155770324047754,White,"Clinton County, PA"
42039,345,0.00948245059505813,White,"Crawford County, PA"
42047,68,0.00445463478545693,White,"Elk County, PA"
42057,69,0.0102358700489542,White,"Fulton County, PA"
42059,138,0.00974232262619132,White,"Greene County, PA"
42063,433,0.0118646389916427,White,"Indiana County, PA"
42065,173,0.00871229289419348,White,"Jefferson County, PA"
42067,63,0.00578671810416093,White,"Juniata County, PA"
42073,602,0.0152412780393944,White,"Lawrence County, PA"
42083,124,0.00709057639524245,White,"McKean County, PA"
42087,220,0.0102635875903895,White,"Mifflin County, PA"
42097,732,0.017629633197659,White,"Northumberland County, PA"
42105,84,0.0125055828494864,White,"Potter County, PA"
42109,360,0.0185013876040703,White,"Snyder County, PA"
42111,326,0.00990851341904501,White,"Somerset County, PA"
42113,40,0.0154320987654321,White,"Sullivan County, PA"
42115,184,0.0108516159471573,White,"Susquehanna County, PA"
42117,182,0.0100691562932227,White,"Tioga County, PA"
42121,258,0.0116948461085173,White,"Venango County, PA"
42123,235,0.013320485205759,White,"Warren County, PA"
45005,11,0.00429184549356223,Black,"Allendale County, SC"
45009,80,0.0161943319838057,Black,"Bamberg County, SC"
45011,67,0.00804418297514708,Black,"Barnwell County, SC"
45025,153,0.00838264299802761,Black,"Chesterfield County, SC"
45029,147,0.00931263858093126,Black,"Colleton County, SC"
45033,8,7.00893639390223e-4,Black,"Dillon County, SC"
45043,340,0.0131380656130453,Black,"Georgetown County, SC"
45047,307,0.010309970782819,Black,"Greenwood County, SC"
45049,33,0.0046186144156753,Black,"Hampton County, SC"
45061,38,0.00624589086127548,Black,"Lee County, SC"
45065,21,0.00670070197830249,Black,"McCormick County, SC"
45067,66,0.00627555386517068,Black,"Marion County, SC"
45069,123,0.0140909611639363,Black,"Marlboro County, SC"
45071,142,0.0082452676808733,Black,"Newberry County, SC"
45075,176,0.00533640580940541,Black,"Orangeburg County, SC"
45089,57,0.0048885077186964,Black,"Williamsburg County, SC"
46007,10,0.00925925925925926,Native American and Alaska Native,"Bennett County, SD"
46017,3,0.005,Native American and Alaska Native,"Buffalo County, SD"
46021,2,0.00264900662251656,White,"Campbell County, SD"
46023,20,0.00521376433785193,Native American and Alaska Native,"Charles Mix County, SD"
46025,11,0.00667070952092177,White,"Clark County, SD"
46029,94,0.00609044965660231,White,"Codington County, SD"
46031,0,0,Native American and Alaska Native,"Corson County, SD"
46039,28,0.0127214902317129,White,"Deuel County, SD"
46041,15,0.00772399588053553,Native American and Alaska Native,"Dewey County, SD"
46043,8,0.00569395017793594,White,"Douglas County, SD"
46045,31,0.0163588390501319,White,"Edmunds County, SD"
46049,4,0.00413223140495868,White,"Faulk County, SD"
46051,80,0.0203665987780041,White,"Grant County, SD"
46055,3,0.0036231884057971,White,"Haakon County, SD"
46057,35,0.0121065375302663,White,"Hamlin County, SD"
46059,3,0.00191082802547771,White,"Hand County, SD"
46061,39,0.0221213840045377,White,"Hanson County, SD"
46067,28,0.00752485890889546,White,"Hutchinson County, SD"
46069,9,0.0121951219512195,White,"Hyde County, SD"
46071,12,0.0148148148148148,Native American and Alaska Native,"Jackson County, SD"
46077,22,0.00870942201108472,White,"Kingsbury County, SD"
46079,129,0.0209824333116461,White,"Lake County, SD"
46081,143,0.0103645720084076,White,"Lawrence County, SD"
46085,2,0.00130718954248366,Native American and Alaska Native,"Lyman County, SD"
46089,0,0,White,"McPherson County, SD"
46095,0,0,Native American and Alaska Native,"Mellette County, SD"
46097,5,0.00448028673835125,White,"Miner County, SD"
46102,0,0,Native American and Alaska Native,"Oglala Lakota County, SD"
46105,0,0,White,"Perkins County, SD"
46107,3,0.00254022015241321,White,"Potter County, SD"
46109,49,0.010989010989011,Native American and Alaska Native,"Roberts County, SD"
46111,4,0.00301431801055011,White,"Sanborn County, SD"
46115,11,0.00363276089828269,White,"Spink County, SD"
46119,10,0.0143061516452074,White,"Sully County, SD"
46121,27,0.013719512195122,Native American and Alaska Native,"Todd County, SD"
46137,2,0.00246609124537608,Native American and Alaska Native,"Ziebach County, SD"
47005,15,0.00255102040816327,White,"Benton County, TN"
47025,50,0.0038246768148091502,White,"Claiborne County, TN"
47027,19,0.00717793728749528,White,"Clay County, TN"
47029,77,0.00536137028269043,White,"Cocke County, TN"
47035,213,0.00953873712494402,White,"Cumberland County, TN"
47039,65,0.0151727357609711,White,"Decatur County, TN"
47049,27,0.00383686229927526,White,"Fentress County, TN"
47059,301,0.010413423283169,White,"Greene County, TN"
47067,20,0.00888494002665482,White,"Hancock County, TN"
47069,123,0.0144264602392681,Black,"Hardeman County, TN"
47071,77,0.00728339008702232,White,"Hardin County, TN"
47075,15,0.00202292650033715,Black,"Haywood County, TN"
47083,41,0.0126856435643564,White,"Houston County, TN"
47085,118,0.0152652005174644,White,"Humphreys County, TN"
47087,18,0.00388852883992223,White,"Jackson County, TN"
47091,75,0.0123538132103443,White,"Johnson County, TN"
47097,113,0.0124820501491218,Black,"Lauderdale County, TN"
47099,268,0.015051951698961,White,"Lawrence County, TN"
47101,42,0.00875182329652011,White,"Lewis County, TN"
47121,61,0.0124769891593373,White,"Meigs County, TN"
47127,32,0.011026878015162,White,"Moore County, TN"
47133,58,0.00611620795107034,White,"Overton County, TN"
47135,0,0,White,"Perry County, TN"
47137,0,0,White,"Pickett County, TN"
47151,97,0.0119975262832406,White,"Scott County, TN"
47175,4,0.00162271805273834,White,"Van Buren County, TN"
47185,122,0.011316204433726,White,"White County, TN"
48001,148,0.00764225963027987,Hispanic or Latino,"Anderson County, TX"
48003,30,0.0033288948069241,Hispanic or Latino,"Andrews County, TX"
48005,456,0.0123263231875439,Hispanic or Latino,"Angelina County, TX"
48007,18,0.00196807347474306,Hispanic or Latino,"Aransas County, TX"
48017,0,0,Hispanic or Latino,"Bailey County, TX"
48025,57,0.00561908517350158,Hispanic or Latino,"Bee County, TX"
48031,82,0.0150486327766563,Hispanic or Latino,"Blanco County, TX"
48035,80,0.0101910828025478,Hispanic or Latino,"Bosque County, TX"
48043,116,0.023582028867656,Hispanic or Latino,"Brewster County, TX"
48045,3,0.00511073253833049,Hispanic or Latino,"Briscoe County, TX"
48047,5,0.00182681768359518,Hispanic or Latino,"Brooks County, TX"
48049,73,0.00434549675575927,Hispanic or Latino,"Brown County, TX"
48053,354,0.0162766104188698,Hispanic or Latino,"Burnet County, TX"
48057,115,0.0118912211767139,Hispanic or Latino,"Calhoun County, TX"
48063,7,0.00138751238850347,Hispanic or Latino,"Camp County, TX"
48069,92,0.0261215218625781,Hispanic or Latino,"Castro County, TX"
48073,240,0.0116993272886809,Hispanic or Latino,"Cherokee County, TX"
48075,56,0.0193637621023513,Hispanic or Latino,"Childress County, TX"
48079,0,0,Hispanic or Latino,"Cochran County, TX"
48081,7,0.00510948905109489,Hispanic or Latino,"Coke County, TX"
48089,86,0.00983644058103626,Hispanic or Latino,"Colorado County, TX"
48093,36,0.00600100016669445,Hispanic or Latino,"Comanche County, TX"
48095,18,0.019501625135428,Hispanic or Latino,"Concho County, TX"
48097,244,0.0122097678142514,Hispanic or Latino,"Cooke County, TX"
48101,0,0,Hispanic or Latino,"Cottle County, TX"
48103,0,0,Hispanic or Latino,"Crane County, TX"
48105,0,0,Hispanic or Latino,"Crockett County, TX"
48109,0,0,Hispanic or Latino,"Culberson County, TX"
48111,72,0.0200333889816361,Hispanic or Latino,"Dallam County, TX"
48115,33,0.00764419735927728,Hispanic or Latino,"Dawson County, TX"
48117,43,0.00502747573950661,Hispanic or Latino,"Deaf Smith County, TX"
48123,33,0.00445705024311183,Hispanic or Latino,"DeWitt County, TX"
48125,0,0,Hispanic or Latino,"Dickens County, TX"
48127,50,0.0195236235845373,Hispanic or Latino,"Dimmit County, TX"
48131,0,0,Hispanic or Latino,"Duval County, TX"
48137,0,0,Hispanic or Latino,"Edwards County, TX"
48143,440,0.0221807733024147,Hispanic or Latino,"Erath County, TX"
48151,9,0.00485175202156334,Hispanic or Latino,"Fisher County, TX"
48153,15,0.00650477016478751,Hispanic or Latino,"Floyd County, TX"
48155,0,0,Hispanic or Latino,"Foard County, TX"
48163,18,0.00268977884040646,Hispanic or Latino,"Frio County, TX"
48165,123,0.0145218417945691,Hispanic or Latino,"Gaines County, TX"
48169,3,0.00172910662824207,Hispanic or Latino,"Garza County, TX"
48171,124,0.0102445472571051,Hispanic or Latino,"Gillespie County, TX"
48173,0,0,Hispanic or Latino,"Glasscock County, TX"
48177,37,0.00427993059572007,Hispanic or Latino,"Gonzales County, TX"
48179,62,0.00670560242266926,Hispanic or Latino,"Gray County, TX"
48185,60,0.00553812073103194,Hispanic or Latino,"Grimes County, TX"
48189,11,7.70469986691882e-4,Hispanic or Latino,"Hale County, TX"
48191,0,0,Hispanic or Latino,"Hall County, TX"
48195,11,0.00513778608127043,Hispanic or Latino,"Hansford County, TX"
48197,7,0.00377358490566038,Hispanic or Latino,"Hardeman County, TX"
48205,1,4.79846449136276e-4,Hispanic or Latino,"Hartley County, TX"
48207,25,0.0113275940190304,Hispanic or Latino,"Haskell County, TX"
48211,5,0.00311332503113325,Hispanic or Latino,"Hemphill County, TX"
48217,126,0.00792452830188679,Hispanic or Latino,"Hill County, TX"
48219,133,0.0139720558882236,Hispanic or Latino,"Hockley County, TX"
48227,78,0.00556864424930392,Hispanic or Latino,"Howard County, TX"
48233,47,0.00515690147026553,Hispanic or Latino,"Hutchinson County, TX"
48239,54,0.00867888138862102,Hispanic or Latino,"Jackson County, TX"
48243,15,0.021551724137931,Hispanic or Latino,"Jeff Davis County, TX"
48247,9,0.00408348457350272,Hispanic or Latino,"Jim Hogg County, TX"
48249,34,0.00218860637270679,Hispanic or Latino,"Jim Wells County, TX"
48255,3,6.24739691795085e-4,Hispanic or Latino,"Karnes County, TX"
48261,0,0,Hispanic or Latino,"Kenedy County, TX"
48265,258,0.0110739119237703,Hispanic or Latino,"Kerr County, TX"
48267,16,0.0075187969924812,Hispanic or Latino,"Kimble County, TX"
48269,0,0,Hispanic or Latino,"King County, TX"
48273,329,0.0250781309551033,Hispanic or Latino,"Kleberg County, TX"
48275,0,0,Hispanic or Latino,"Knox County, TX"
48279,101,0.0184172137126185,Hispanic or Latino,"Lamb County, TX"
48283,3,0.00116369278510473,Hispanic or Latino,"La Salle County, TX"
48285,78,0.00840698426384997,Hispanic or Latino,"Lavaca County, TX"
48287,63,0.00791258477769405,Hispanic or Latino,"Lee County, TX"
48293,22,0.00259709597450124,Hispanic or Latino,"Limestone County, TX"
48295,13,0.00900900900900901,Hispanic or Latino,"Lipscomb County, TX"
48297,30,0.00770020533880903,Hispanic or Latino,"Live Oak County, TX"
48301,0,0,White,"Loving County, TX"
48307,0,0,Hispanic or Latino,"McCulloch County, TX"
48311,0,0,Hispanic or Latino,"McMullen County, TX"
48313,60,0.0132100396301189,Hispanic or Latino,"Madison County, TX"
48319,28,0.016597510373444,Hispanic or Latino,"Mason County, TX"
48321,137,0.00932797712262545,Hispanic or Latino,"Matagorda County, TX"
48323,165,0.0074596500745965,Hispanic or Latino,"Maverick County, TX"
48327,10,0.0115874855156431,Hispanic or Latino,"Menard County, TX"
48331,99,0.00936790310370931,Hispanic or Latino,"Milam County, TX"
48333,8,0.00406297613001524,Hispanic or Latino,"Mills County, TX"
48335,0,0,Hispanic or Latino,"Mitchell County, TX"
48341,19,0.00192054988375619,Hispanic or Latino,"Moore County, TX"
48347,314,0.011090311870872,Hispanic or Latino,"Nacogdoches County, TX"
48349,104,0.00457927876359473,Hispanic or Latino,"Navarro County, TX"
48353,39,0.00637984622934729,Hispanic or Latino,"Nolan County, TX"
48357,50,0.0101173613921489,Hispanic or Latino,"Ochiltree County, TX"
48363,163,0.0135067948293006,Hispanic or Latino,"Palo Pinto County, TX"
48369,0,0,Hispanic or Latino,"Parmer County, TX"
48371,11,0.00183516850183517,Hispanic or Latino,"Pecos County, TX"
48377,58,0.0218291305984193,Hispanic or Latino,"Presidio County, TX"
48383,0,0,Hispanic or Latino,"Reagan County, TX"
48385,0,0,Hispanic or Latino,"Real County, TX"
48389,37,0.00562395500835993,Hispanic or Latino,"Reeves County, TX"
48391,50,0.0187687687687688,Hispanic or Latino,"Refugio County, TX"
48399,40,0.00893854748603352,Hispanic or Latino,"Runnels County, TX"
48411,9,0.00418994413407821,Hispanic or Latino,"San Saba County, TX"
48413,17,0.0178197064989518,Hispanic or Latino,"Schleicher County, TX"
48415,25,0.00375037503750375,Hispanic or Latino,"Scurry County, TX"
48419,69,0.00706243602865916,Hispanic or Latino,"Shelby County, TX"
48421,0,0,Hispanic or Latino,"Sherman County, TX"
48425,94,0.0227107997100749,Hispanic or Latino,"Somervell County, TX"
48427,57,0.00240020212228398,Hispanic or Latino,"Starr County, TX"
48429,10,0.00270343336036767,Hispanic or Latino,"Stephens County, TX"
48433,0,0,Hispanic or Latino,"Stonewall County, TX"
48435,0,0,Hispanic or Latino,"Sutton County, TX"
48437,13,0.00500770416024653,Hispanic or Latino,"Swisher County, TX"
48443,0,0,Hispanic or Latino,"Terrell County, TX"
48445,7,0.00144300144300144,Hispanic or Latino,"Terry County, TX"
48449,162,0.0119196527113531,Hispanic or Latino,"Titus County, TX"
48461,0,0,Hispanic or Latino,"Upton County, TX"
48463,72,0.00692108045756032,Hispanic or Latino,"Uvalde County, TX"
48465,132,0.00687142113482561,Hispanic or Latino,"Val Verde County, TX"
48471,400,0.0140277047168157,Hispanic or Latino,"Walker County, TX"
48475,37,0.0072265625,Hispanic or Latino,"Ward County, TX"
48481,175,0.00976889583565926,Hispanic or Latino,"Wharton County, TX"
48483,15,0.00617792421746293,Hispanic or Latino,"Wheeler County, TX"
48487,41,0.00711311589174185,Hispanic or Latino,"Wilbarger County, TX"
48489,14,0.00173138758347762,Hispanic or Latino,"Willacy County, TX"
48495,24,0.00713648528099911,Hispanic or Latino,"Winkler County, TX"
48501,39,0.0117505272672492,Hispanic or Latino,"Yoakum County, TX"
48503,123,0.0158403090792015,Hispanic or Latino,"Young County, TX"
48505,25,0.00511980339954946,Hispanic or Latino,"Zapata County, TX"
48507,6,0.00144508670520231,Hispanic or Latino,"Zavala County, TX"
49009,0,0,White,"Daggett County, UT"
49015,11,0.00284826514759192,White,"Emery County, UT"
49025,67,0.0192032100888507,White,"Kane County, UT"
49031,1,0.00161030595813205,White,"Piute County, UT"
49037,31,0.00582378358068758,Native American and Alaska Native,"San Juan County, UT"
49041,156,0.0170790453251587,White,"Sevier County, UT"
49055,23,0.0200698080279232,White,"Wayne County, UT"
50001,519,0.0256714646089924,White,"Addison County, VT"
50003,376,0.0212850268893292,White,"Bennington County, VT"
50005,163,0.0107789974871049,White,"Caledonia County, VT"
50009,22,0.0083905415713196,White,"Essex County, VT"
50015,291,0.0208094965675057,White,"Lamoille County, VT"
50019,120,0.00923076923076923,White,"Orleans County, VT"
50021,430,0.0143783856082391,White,"Rutland County, VT"
50025,298,0.0127464818854528,White,"Windham County, VT"
50027,751,0.0261937149035611,White,"Windsor County, VT"
51005,67,0.0105511811023622,White,"Alleghany County, VA"
51017,0,0,White,"Bath County, VA"
51021,21,0.00933333333333333,White,"Bland County, VA"
51025,54,0.00851466414380322,Black,"Brunswick County, VA"
51027,11,0.00175746924428822,White,"Buchanan County, VA"
51029,71,0.011072988147224,Black,"Buckingham County, VA"
51035,87,0.0069505472557322,White,"Carroll County, VA"
51051,102,0.0238987816307404,White,"Dickenson County, VA"
51057,105,0.0231532524807056,Black,"Essex County, VA"
51063,140,0.0183799396087699,White,"Floyd County, VA"
51081,6,0.00166435506241331,Black,"Greensville County, VA"
51083,154,0.0111489176862376,Black,"Halifax County, VA"
51091,18,0.02275600505689,White,"Highland County, VA"
51105,95,0.0133146461107218,White,"Lee County, VA"
51111,6,0.00128727740828148,Black,"Lunenburg County, VA"
51117,243,0.0193163751987281,Black,"Mecklenburg County, VA"
51131,38,0.00767056923698022,Black,"Northampton County, VA"
51135,122,0.0209910529938059,Black,"Nottoway County, VA"
51139,42,0.00382200382200382,White,"Page County, VA"
51147,109,0.0136164896939413,Black,"Prince Edward County, VA"
51163,175,0.0176180408738548,White,"Rockbridge County, VA"
51167,150,0.0169014084507042,White,"Russell County, VA"
51173,48,0.00392895146107882,White,"Smyth County, VA"
51181,17,0.00533751962323391,Black,"Surry County, VA"
51185,140,0.00955566172957477,White,"Tazewell County, VA"
51197,176,0.0137866207112643,White,"Wythe County, VA"
51590,175,0.0103324083367775,Black,"Danville city, VA"
51595,27,0.0124596215966774,Black,"Emporia city, VA"
53001,13,0.00161130391670798,Hispanic or Latino,"Adams County, WA"
53023,14,0.0156599552572707,White,"Garfield County, WA"
53025,486,0.0112033195020747,Hispanic or Latino,"Grant County, WA"
53043,65,0.0148809523809524,White,"Lincoln County, WA"
53047,122,0.00734453073264704,Hispanic or Latino,"Okanogan County, WA"
54001,55,0.00952051237666609,White,"Barbour County, WV"
54007,58,0.0142681426814268,White,"Braxton County, WV"
54013,18,0.00894632206759443,White,"Calhoun County, WV"
54017,28,0.00904684975767367,White,"Doddridge County, WV"
54023,41,0.008593586250262,White,"Grant County, WV"
54025,84,0.00620842572062084,White,"Greenbrier County, WV"
54031,90,0.0143016049578897,White,"Hardy County, WV"
54033,526,0.0179130908595559,White,"Harrison County, WV"
54041,32,0.00488698839340257,White,"Lewis County, WV"
54045,19,0.00210153744054861,White,"Logan County, WV"
54053,26,0.00269402134493835,White,"Mason County, WV"
54059,24,0.00381133873272987,White,"Mingo County, WV"
54063,0,0,White,"Monroe County, WV"
54067,55,0.00605927068414674,White,"Nicholas County, WV"
54071,0,0,White,"Pendleton County, WV"
54073,29,0.00902021772939347,White,"Pleasants County, WV"
54075,2,7.68935024990388e-4,White,"Pocahontas County, WV"
54083,68,0.00646510743487355,White,"Randolph County, WV"
54085,25,0.00862068965517241,White,"Ritchie County, WV"
54087,11,0.0025451180009255,White,"Roane County, WV"
54091,72,0.0107752170008979,White,"Taylor County, WV"
54093,14,0.00480274442538594,White,"Tucker County, WV"
54095,11,0.00366178428761651,White,"Tyler County, WV"
54097,170,0.0172204213938412,White,"Upshur County, WV"
54101,0,0,White,"Webster County, WV"
54103,4,7.77000777000777e-4,White,"Wetzel County, WV"
54109,0,0,White,"Wyoming County, WV"
55005,240,0.0106458481192335,White,"Barron County, WI"
55011,55,0.00786500786500786,White,"Buffalo County, WI"
55013,91,0.0135517498138496,White,"Burnett County, WI"
55019,108,0.00676014021031547,White,"Clark County, WI"
55023,82,0.0115901060070671,White,"Crawford County, WI"
55029,220,0.0151400454201363,White,"Door County, WI"
55033,334,0.0139120293235588,White,"Dunn County, WI"
55037,21,0.0111524163568773,White,"Florence County, WI"
55043,620,0.0233556844722369,White,"Grant County, WI"
55047,155,0.0172241360151128,White,"Green Lake County, WI"
55051,22,0.00829562594268477,White,"Iron County, WI"
55065,161,0.0191666666666667,White,"Lafayette County, WI"
55067,52,0.00588901472253681,White,"Langlade County, WI"
55075,207,0.0107448741240592,White,"Marinette County, WI"
55077,49,0.00703012912482066,White,"Marquette County, WI"
55078,18,0.0136363636363636,Native American and Alaska Native,"Menominee County, WI"
55085,183,0.0107850070721358,White,"Oneida County, WI"
55091,12,0.0033195020746888,White,"Pepin County, WI"
55095,247,0.0111301369863014,White,"Polk County, WI"
55099,54,0.00857278933163994,White,"Price County, WI"
55103,68,0.00843567795558864,White,"Richland County, WI"
55107,54,0.00857823669579031,White,"Rusk County, WI"
55119,63,0.00633675316837658,White,"Taylor County, WI"
55123,171,0.0124699190549114,White,"Vernon County, WI"
55129,68,0.00943658062725507,White,"Washburn County, WI"
55135,323,0.0122977346278317,White,"Waupaca County, WI"
55141,650,0.0182440776917032,White,"Wood County, WI"
56007,40,0.00585051923358198,Hispanic or Latino,"Carbon County, WY"
56011,7,0.00201961915753029,White,"Crook County, WY"
56013,41,0.00239611945532114,Native American and Alaska Native,"Fremont County, WY"
56017,18,0.00817067635043123,White,"Hot Springs County, WY"
56019,0,0,White,"Johnson County, WY"
56023,74,0.00772603883900606,White,"Lincoln County, WY"
56029,188,0.0132450331125828,White,"Park County, WY"
56033,374,0.0246165997498848,White,"Sheridan County, WY"
56035,13,0.00294384057971014,White,"Sublette County, WY"
